hrrlmu@example.com,319,8,98,2021-03-21T11:00:19
fthzan@example.com,283,7,151,2021-03-21T11:00:20
jthuujwj@example.com,392,5,63,2021-03-21T11:00:25
laqjfd@example.com,439,9,178,2021-03-21T11:00:28
hzdbsertfq@example.com,368,7,151,2021-03-21T11:01:36
iprkxr@example.com,263,3,52,2021-03-21T11:01:36
oxqcifukikr@example.com,412,6,150,2021-03-21T11:01:38
cxyhse@example.com,354,7,60,2021-03-21T11:01:43
uljbyhiqn@example.com,139,5,110,2021-03-21T11:01:46
qchknpclhdm@example.com,130,9,101,2021-03-21T11:02:01
wqlepl@example.com,143,8,116,2021-03-21T11:02:07
wpymzmjhmkqf@example.com,291,6,174,2021-03-21T11:02:19
chlszv@example.com,481,10,199,2021-03-21T11:02:48
omwoyfzrnec@example.com,309,6,82,2021-03-21T11:03:20
ebiaxkidpqyt@example.com,271,6,130,2021-03-21T11:03:32
qzsotxzpwmz@example.com,444,8,36,2021-03-21T11:03:39
thpaqfswr@example.com,116,5,52,2021-03-21T11:03:49
xfgfeawdtltd@example.com,370,10,126,2021-03-21T11:03:53
qdjwtbact@example.com,300,7,158,2021-03-21T11:03:54
iedehbrsiny@example.com,364,7,176,2021-03-21T11:04:06
tjkcbywvqje@example.com,246,4,160,2021-03-21T11:04:32
giwecvjfhke@example.com,407,10,102,2021-03-21T11:04:33
zfqyeya@example.com,416,4,179,2021-03-21T11:04:45
fblblogwwte@example.com,478,1,138,2021-03-21T11:04:48
ekudyyx@example.com,105,10,159,2021-03-21T11:05:10
dwbrozouwuws@example.com,497,7,119,2021-03-21T11:05:30
uwkhxdpiogzn@example.com,309,4,82,2021-03-21T11:05:44
qwvlubptmy@example.com,153,10,185,2021-03-21T11:06:01
dsmfvowjkew@example.com,435,9,29,2021-03-21T11:06:39
yabxbffyap@example.com,197,1,192,2021-03-21T11:06:47
lrlsmq@example.com,172,7,6,2021-03-21T11:07:07
lhdeuu@example.com,353,8,184,2021-03-21T11:07:16
nigaopslm@example.com,337,10,139,2021-03-21T11:07:24
nxxtky@example.com,353,7,156,2021-03-21T11:07:52
czjfzjxdi@example.com,464,2,103,2021-03-21T11:08:04
fmtdbc@example.com,358,9,54,2021-03-21T11:08:32
ihedtfynddnb@example.com,171,10,141,2021-03-21T11:09:06
quqfzha@example.com,121,7,167,2021-03-21T11:09:44
qgkkzpf@example.com,429,3,127,2021-03-21T11:09:47
whbyyp@example.com,197,4,40,2021-03-21T11:09:49
kcjwreyt@example.com,472,3,54,2021-03-21T11:09:58
hynpssxrhjus@example.com,399,1,4,2021-03-21T11:10:05
gkcjrebo@example.com,389,7,168,2021-03-21T11:10:08
ygpqlvfn@example.com,166,10,87,2021-03-21T11:10:28
jgxscntvrue@example.com,201,1,128,2021-03-21T11:10:35
vpcckm@example.com,254,10,198,2021-03-21T11:10:56
sqtwlixus@example.com,104,4,116,2021-03-21T11:11:05
hbmybwcoe@example.com,389,9,168,2021-03-21T11:11:15
hiqaojvv@example.com,137,8,170,2021-03-21T11:11:20
nsjwjnchs@example.com,314,3,136,2021-03-21T11:11:24
jefvvqiaawmc@example.com,101,1,80,2021-03-21T11:11:34
lwtgiujnuyva@example.com,465,3,78,2021-03-21T11:11:40
kjilgbwcvn@example.com,473,2,100,2021-03-21T11:11:47
dbqawmkkqqt@example.com,315,5,158,2021-03-21T11:12:13
qvgqnaovck@example.com,285,9,101,2021-03-21T11:12:18
rahnzycz@example.com,444,2,36,2021-03-21T11:12:19
kmfluerggbrc@example.com,354,2,151,2021-03-21T11:12:27
ztjrvqpdhx@example.com,119,10,146,2021-03-21T11:12:29
kyrvxwroncfl@example.com,455,10,48,2021-03-21T11:12:38
mrlaoe@example.com,374,1,65,2021-03-21T11:13:10
awlldy@example.com,411,9,170,2021-03-21T11:13:18
cknsofwkfyh@example.com,126,10,126,2021-03-21T11:13:24
jtawbt@example.com,201,7,128,2021-03-21T11:13:59
dsccotro@example.com,148,7,77,2021-03-21T11:14:21
zwcrtbm@example.com,300,10,115,2021-03-21T11:14:51
cklesollk@example.com,254,8,198,2021-03-21T11:14:57
kagnekfik@example.com,387,10,199,2021-03-21T11:15:11
lpzgyoset@example.com,229,10,6,2021-03-21T11:15:51
ddwtxkwhois@example.com,219,10,62,2021-03-21T11:16:20
rbyqrfcwc@example.com,493,4,37,2021-03-21T11:17:01
eexipcqqb@example.com,465,8,35,2021-03-21T11:17:15
vzxflnqoyqs@example.com,353,10,156,2021-03-21T11:17:16
fujahb@example.com,285,1,178,2021-03-21T11:17:25
zypqkqojswx@example.com,360,5,169,2021-03-21T11:17:38
bchgwiycpyyq@example.com,436,8,147,2021-03-21T11:17:40
jolkbuyzo@example.com,263,2,52,2021-03-21T11:17:56
pcwukxbcgojd@example.com,137,5,170,2021-03-21T11:18:30
dpqkdd@example.com,141,8,26,2021-03-21T11:19:16
cgbssdntaw@example.com,482,3,162,2021-03-21T11:19:17
khdlngrzrj@example.com,349,1,156,2021-03-21T11:19:17
yrcdwxzls@example.com,298,8,136,2021-03-21T11:19:18
vebvqfuh@example.com,123,5,162,2021-03-21T11:19:40
pllucimnw@example.com,156,3,102,2021-03-21T11:19:40
lnyacnjx@example.com,309,7,82,2021-03-21T11:20:12
tohcvjkgfia@example.com,261,8,15,2021-03-21T11:20:25
tqgzse@example.com,108,8,74,2021-03-21T11:20:34
fbarcg@example.com,143,3,140,2021-03-21T11:20:56
ubjduejk@example.com,353,9,184,2021-03-21T11:20:57
mdxzwqdhe@example.com,418,6,187,2021-03-21T11:21:17
uzgrxnqmgrzw@example.com,368,7,38,2021-03-21T11:21:19
crtais@example.com,347,1,45,2021-03-21T11:21:20
pzxhftlgxx@example.com,352,3,85,2021-03-21T11:21:43
pycbgbtrj@example.com,275,7,176,2021-03-21T11:21:47
nitznjn@example.com,432,7,198,2021-03-21T11:21:58
nxfbtvi@example.com,178,7,7,2021-03-21T11:22:08
bltnzv@example.com,353,9,61,2021-03-21T11:22:13
aonhfwuu@example.com,324,10,156,2021-03-21T11:22:23
dxyjotamo@example.com,356,8,57,2021-03-21T11:22:52
husvwkswy@example.com,175,4,188,2021-03-21T11:23:02
txwxyd@example.com,276,8,107,2021-03-21T11:23:06
dfehpxdtbp@example.com,349,4,102,2021-03-21T11:23:13
fcjcasdsnogg@example.com,228,4,198,2021-03-21T11:23:15
bdlgkn@example.com,258,10,67,2021-03-21T11:23:18
zfngtiludbej@example.com,455,2,48,2021-03-21T11:23:36
heaekamtvhb@example.com,464,9,103,2021-03-21T11:23:39
lqqoqjvkgocj@example.com,283,4,105,2021-03-21T11:23:50
sgtlae@example.com,404,6,76,2021-03-21T11:23:59
bicpkb@example.com,330,7,82,2021-03-21T11:24:19
allmgoam@example.com,296,1,129,2021-03-21T11:24:36
abidvgfm@example.com,349,3,156,2021-03-21T11:24:40
rhmwxoth@example.com,283,10,105,2021-03-21T11:24:53
ipdnqoq@example.com,345,9,12,2021-03-21T11:24:58
gtpalqq@example.com,142,10,114,2021-03-21T11:25:14
rqkrrqf@example.com,444,3,36,2021-03-21T11:25:16
wwewcxcxei@example.com,296,1,129,2021-03-21T11:25:18
aemubapse@example.com,489,4,22,2021-03-21T11:25:20
sysnqv@example.com,216,8,141,2021-03-21T11:25:33
yjijjb@example.com,302,8,19,2021-03-21T11:25:39
dtwiurpjnz@example.com,108,7,74,2021-03-21T11:25:55
xmuzpyhxfx@example.com,375,4,85,2021-03-21T11:26:01
ivnrkagef@example.com,358,8,54,2021-03-21T11:26:12
rkjjoar@example.com,481,10,199,2021-03-21T11:26:29
sotgrmybbeo@example.com,476,1,101,2021-03-21T11:26:34
zppcwjeak@example.com,415,5,180,2021-03-21T11:26:48
otcnbcyapbcn@example.com,435,10,165,2021-03-21T11:26:57
jxoelqivwj@example.com,131,6,179,2021-03-21T11:27:09
fcllugqvv@example.com,214,10,47,2021-03-21T11:27:27
qspbecmjomau@example.com,494,5,157,2021-03-21T11:27:28
qyrfptzpvcw@example.com,384,4,116,2021-03-21T11:27:44
jjzcyvzdcll@example.com,359,3,72,2021-03-21T11:27:59
jubzymg@example.com,345,4,12,2021-03-21T11:28:01
nwztgy@example.com,300,4,115,2021-03-21T11:28:05
oksukn@example.com,263,9,52,2021-03-21T11:28:11
kyovikntzznr@example.com,425,3,126,2021-03-21T11:28:13
yebmjyxha@example.com,405,2,162,2021-03-21T11:28:18
zwqglplsgxs@example.com,229,1,6,2021-03-21T11:28:22
jhijtrsorz@example.com,453,10,105,2021-03-21T11:28:23
ynxrqf@example.com,206,2,129,2021-03-21T11:28:30
sajiybcp@example.com,293,7,114,2021-03-21T11:29:24
qudgtlw@example.com,352,8,85,2021-03-21T11:29:41
ivixfzrrl@example.com,170,3,29,2021-03-21T11:29:47
cgmkdt@example.com,275,5,185,2021-03-21T11:29:51
ygemzyz@example.com,316,10,115,2021-03-21T11:29:53
duqnuxo@example.com,432,3,35,2021-03-21T11:29:59
cyavccajbpms@example.com,274,8,28,2021-03-21T11:30:11
cmbicfrxv@example.com,379,2,49,2021-03-21T11:30:22
ffvfqnconmug@example.com,475,7,97,2021-03-21T11:30:23
lrhxwstwns@example.com,245,7,83,2021-03-21T11:30:27
kseezgrssyjd@example.com,283,9,105,2021-03-21T11:30:31
bngnpumsxwd@example.com,315,6,13,2021-03-21T11:30:36
actimwe@example.com,491,8,30,2021-03-21T11:30:38
dbjwlve@example.com,359,6,72,2021-03-21T11:30:40
ehnnrgslzcms@example.com,427,9,38,2021-03-21T11:30:50
uenhqkc@example.com,119,6,146,2021-03-21T11:30:56
chzbrylw@example.com,392,1,63,2021-03-21T11:31:00
uulkhjtm@example.com,108,5,74,2021-03-21T11:31:02
xriybvqeetwy@example.com,298,6,136,2021-03-21T11:31:46
nsjvzxyxoti@example.com,214,5,47,2021-03-21T11:31:58
rdivwwocnoi@example.com,145,4,17,2021-03-21T11:32:08
cuyqzkahrer@example.com,201,8,128,2021-03-21T11:32:19
njfmbiubvea@example.com,429,2,127,2021-03-21T11:32:31
jsmxxquyv@example.com,376,3,76,2021-03-21T11:32:52
nrgksa@example.com,166,5,87,2021-03-21T11:32:56
zwgswi@example.com,405,4,162,2021-03-21T11:33:04
oifduesj@example.com,173,10,125,2021-03-21T11:33:25
wkvblmfgz@example.com,353,3,87,2021-03-21T11:33:27
oibbcl@example.com,355,3,130,2021-03-21T11:33:42
uoicphru@example.com,153,5,139,2021-03-21T11:33:59
grwowbhqzkpg@example.com,412,4,150,2021-03-21T11:34:18
cbkuelm@example.com,432,6,198,2021-03-21T11:34:47
npvducpmk@example.com,173,3,125,2021-03-21T11:34:58
lqvrgpvt@example.com,399,4,4,2021-03-21T11:35:00
zommonjvd@example.com,394,10,2,2021-03-21T11:35:14
fjpkctlfzkm@example.com,364,2,176,2021-03-21T11:35:28
hijbriqplrap@example.com,235,10,44,2021-03-21T11:35:47
atvaig@example.com,316,5,160,2021-03-21T11:36:03
rbhirwsuqrx@example.com,150,7,127,2021-03-21T11:36:11
mvndhtq@example.com,291,10,192,2021-03-21T11:36:21
eirjgucigjv@example.com,189,6,43,2021-03-21T11:36:37
jmwfsmm@example.com,216,4,141,2021-03-21T11:37:03
rqvmqwbqp@example.com,126,4,126,2021-03-21T11:37:12
eugtvcddbtd@example.com,418,9,187,2021-03-21T11:37:15
xzpbwe@example.com,476,5,101,2021-03-21T11:37:17
ifchtqdxxiyx@example.com,465,4,78,2021-03-21T11:37:25
qjeubvuu@example.com,196,6,136,2021-03-21T11:37:29
opoquusc@example.com,462,5,86,2021-03-21T11:37:37
ndwzvuu@example.com,223,1,180,2021-03-21T11:37:39
hfehzfnwlbr@example.com,432,10,198,2021-03-21T11:37:44
ydodziuiq@example.com,451,4,50,2021-03-21T11:37:45
pnclgxx@example.com,120,9,86,2021-03-21T11:37:46
ooqrvwzy@example.com,303,2,80,2021-03-21T11:38:02
djneetu@example.com,399,6,4,2021-03-21T11:38:21
vzcyoe@example.com,320,10,117,2021-03-21T11:38:21
jqonnpcrax@example.com,105,3,44,2021-03-21T11:38:34
ebzapsd@example.com,173,8,148,2021-03-21T11:38:51
xocrtczdey@example.com,131,8,179,2021-03-21T11:38:56
uigvucaps@example.com,302,5,19,2021-03-21T11:39:40
rqjhrnqumzjp@example.com,354,1,60,2021-03-21T11:39:49
edtcnqcadx@example.com,454,2,180,2021-03-21T11:39:53
abuzqk@example.com,231,10,72,2021-03-21T11:39:56
guezfo@example.com,249,2,31,2021-03-21T11:40:10
nnhxjbeipap@example.com,331,1,62,2021-03-21T11:40:13
hhxzjywbmk@example.com,298,3,136,2021-03-21T11:40:15
ovipwyrknnh@example.com,120,4,74,2021-03-21T11:40:17
chcuzjjt@example.com,231,9,72,2021-03-21T11:40:38
tfvilmpik@example.com,105,6,44,2021-03-21T11:40:43
hnsfvkgcad@example.com,331,8,62,2021-03-21T11:40:47
xlewuze@example.com,105,8,159,2021-03-21T11:40:52
nssfwqgb@example.com,292,1,70,2021-03-21T11:40:52
gjqhaygv@example.com,319,1,98,2021-03-21T11:41:11
vlonwui@example.com,482,2,162,2021-03-21T11:41:18
eugnkpy@example.com,149,1,124,2021-03-21T11:41:19
eauepr@example.com,231,7,51,2021-03-21T11:41:19
jdvamegaor@example.com,497,10,74,2021-03-21T11:41:20
wryubcdfmzco@example.com,436,2,147,2021-03-21T11:41:53
zofslbfudz@example.com,302,9,145,2021-03-21T11:42:17
lucmcaf@example.com,363,10,79,2021-03-21T11:42:39
mapyhdrxpql@example.com,233,5,199,2021-03-21T11:42:54
rpybhdltchx@example.com,261,10,15,2021-03-21T11:43:19
idwzuimraxlb@example.com,300,1,199,2021-03-21T11:43:22
gwjkbs@example.com,491,7,4,2021-03-21T11:43:24
cccunfiupy@example.com,145,4,17,2021-03-21T11:43:34
bdambnqdg@example.com,416,7,179,2021-03-21T11:43:44
lchylcnh@example.com,415,6,180,2021-03-21T11:43:53
hcgapw@example.com,149,6,108,2021-03-21T11:43:57
lejnzvd@example.com,300,1,199,2021-03-21T11:44:08
kcqullrbeyu@example.com,464,9,103,2021-03-21T11:44:23
wzcuqnc@example.com,364,10,176,2021-03-21T11:44:32
molmmwshmqrt@example.com,443,8,167,2021-03-21T11:44:41
ztkfwwfew@example.com,249,6,31,2021-03-21T11:44:41
zdjgqjemzh@example.com,139,9,110,2021-03-21T11:44:43
bxfnsnqwkle@example.com,427,6,38,2021-03-21T11:44:55
hawhrrtg@example.com,304,10,87,2021-03-21T11:45:11
zkbdhwq@example.com,349,3,171,2021-03-21T11:45:11
dkqpvz@example.com,174,6,185,2021-03-21T11:45:22
ypvrnjzpb@example.com,435,9,29,2021-03-21T11:45:22
smntsdyurbbm@example.com,368,1,151,2021-03-21T11:45:43
vksngyo@example.com,168,2,78,2021-03-21T11:45:51
xvnduekssr@example.com,120,4,132,2021-03-21T11:45:51
eaqilb@example.com,309,3,82,2021-03-21T11:46:06
lnnesdidob@example.com,255,5,129,2021-03-21T11:46:22
qrdgrvirlbcy@example.com,499,6,2,2021-03-21T11:46:33
qinrtltw@example.com,368,2,151,2021-03-21T11:46:52
vlwnfdhthe@example.com,105,10,60,2021-03-21T11:46:54
bwzvjfnyhlk@example.com,271,4,30,2021-03-21T11:47:26
mzbbsxtvpr@example.com,231,2,72,2021-03-21T11:47:36
vpoubvv@example.com,488,8,44,2021-03-21T11:47:47
dilxtb@example.com,292,7,70,2021-03-21T11:47:53
fffzebcydwxc@example.com,206,6,142,2021-03-21T11:48:07
vlupythocfv@example.com,374,6,65,2021-03-21T11:48:24
mcckexamztqz@example.com,156,4,102,2021-03-21T11:48:25
trqipisjg@example.com,197,2,192,2021-03-21T11:48:31
cptukcmch@example.com,230,2,59,2021-03-21T11:48:35
wvxkafsaa@example.com,245,3,83,2021-03-21T11:48:42
jsgfuqcwlflm@example.com,309,7,82,2021-03-21T11:48:49
rqomryylxro@example.com,168,8,78,2021-03-21T11:48:51
zbbgjsnawxnl@example.com,398,6,189,2021-03-21T11:49:32
iqpgvrkql@example.com,148,4,142,2021-03-21T11:49:33
lzibqyonuc@example.com,420,5,76,2021-03-21T11:49:45
fatvhn@example.com,418,8,187,2021-03-21T11:49:46
rczioviunwm@example.com,354,10,60,2021-03-21T11:49:56
tijrtw@example.com,376,6,76,2021-03-21T11:50:05
okmykt@example.com,313,7,153,2021-03-21T11:50:14
chjcxghuvtm@example.com,304,6,87,2021-03-21T11:50:41
btsqjsjm@example.com,225,5,58,2021-03-21T11:51:02
tsgefran@example.com,414,5,27,2021-03-21T11:51:10
hmkzafz@example.com,354,8,151,2021-03-21T11:51:14
vleaoecnfhwb@example.com,420,4,76,2021-03-21T11:51:17
eorxdsxhltc@example.com,435,5,29,2021-03-21T11:51:34
pxsvjxrclxg@example.com,105,10,159,2021-03-21T11:51:38
bjjkfhdb@example.com,472,7,54,2021-03-21T11:51:42
xxyneyr@example.com,197,4,192,2021-03-21T11:51:54
rigxtlxthb@example.com,427,10,38,2021-03-21T11:52:07
nzeatulnflwq@example.com,104,6,116,2021-03-21T11:52:15
ewahnkjyi@example.com,142,6,144,2021-03-21T11:52:16
bxkhxjcxrax@example.com,349,4,102,2021-03-21T11:52:23
oybqzkf@example.com,412,10,150,2021-03-21T11:52:40
bvykzpvo@example.com,197,9,40,2021-03-21T11:52:56
rkgqbddkiv@example.com,207,6,165,2021-03-21T11:53:21
jumzkowrh@example.com,127,1,173,2021-03-21T11:53:51
zlvzuk@example.com,170,7,29,2021-03-21T11:53:52
qczpmpeoltn@example.com,360,5,169,2021-03-21T11:53:55
jjtwfssup@example.com,384,2,116,2021-03-21T11:53:59
ntncauxpohn@example.com,490,8,113,2021-03-21T11:53:59
bjujcu@example.com,418,2,148,2021-03-21T11:54:08
mborcpt@example.com,467,2,94,2021-03-21T11:54:10
jrcsurt@example.com,166,4,87,2021-03-21T11:54:14
vgahjszetdbf@example.com,137,1,170,2021-03-21T11:54:15
ufgkqlkpikv@example.com,363,6,175,2021-03-21T11:54:15
haxybpnrz@example.com,325,9,40,2021-03-21T11:54:26
rrzzgyoteeh@example.com,249,7,107,2021-03-21T11:55:07
udmscwsn@example.com,396,4,199,2021-03-21T11:55:08
ryvkrp@example.com,447,10,4,2021-03-21T11:55:11
wwegdiemwp@example.com,380,8,141,2021-03-21T11:55:41
vkgnbh@example.com,499,3,2,2021-03-21T11:55:47
edsykpmnmcds@example.com,231,10,18,2021-03-21T11:56:05
jybeicyodo@example.com,353,10,156,2021-03-21T11:56:09
sdbtzv@example.com,418,6,148,2021-03-21T11:56:22
mirzzerjjgu@example.com,144,7,136,2021-03-21T11:56:28
ctaami@example.com,347,7,45,2021-03-21T11:56:32
goaolntfgfbj@example.com,118,2,171,2021-03-21T11:56:39
lygienw@example.com,353,2,174,2021-03-21T11:56:41
kmfztxjiv@example.com,119,4,146,2021-03-21T11:56:43
eowhbrhczks@example.com,139,4,54,2021-03-21T11:57:07
izeyiuh@example.com,198,7,34,2021-03-21T11:57:17
mhftgognpo@example.com,242,7,80,2021-03-21T11:57:31
okgfyx@example.com,285,10,133,2021-03-21T11:57:42
poxvcgnjjtoc@example.com,233,10,199,2021-03-21T11:58:04
ebutollr@example.com,476,9,101,2021-03-21T11:58:04
dxhdginx@example.com,384,10,116,2021-03-21T11:58:05
jrntwiqira@example.com,425,1,126,2021-03-21T11:58:20
fnharuv@example.com,434,4,169,2021-03-21T11:58:27
wdumqtgjbhp@example.com,371,4,43,2021-03-21T11:58:30
vksiograxl@example.com,462,5,86,2021-03-21T11:59:14
kreskylfvq@example.com,387,3,199,2021-03-21T11:59:20
wyqxfvszuu@example.com,427,5,38,2021-03-21T11:59:24
stjtnhbohxk@example.com,444,4,27,2021-03-21T11:59:39
epflfaxnghp@example.com,119,7,146,2021-03-21T11:59:49
